{
  "dataset": "utah_forge",
  "state_columns": [
    "tau",
    "V"
  ],
  "state_labels": [
    "tau",
    "V"
  ],
  "scaling": {
    "means": {
      "tau": 13.27846021175764,
      "V": 9.578702113189944
    },
    "stds": {
      "tau": 0.12705028537501928,
      "V": 2.51584928864003
    }
  },
  "poly_degree": 2,
  "threshold": 0.0001,
  "max_iter": 12,
  "library_terms": [
    "1",
    "tau",
    "V",
    "tau^2",
    "tau*V",
    "V^2"
  ],
  "equations": [
    "dtau/dt = 3.777e-01*1 - 5.593e-02*tau - 5.988e-01*V - 1.164e-01*tau^2 - 2.296e-01*tau*V - 3.360e-01*V^2",
    "dV/dt = - 2.245e-01*1 + 6.292e-01*tau - 1.453e-01*V + 2.080e-02*tau^2 + 5.048e-01*tau*V + 1.368e-01*V^2"
  ],
  "relative_error": [
    0.9333310546068513,
    0.9995457091898844
  ],
  "rmse_like": [
    0.9333310546068513,
    0.9995457091898844
  ],
  "rollout_metrics": {
    "rmse": 1.5164546053455596,
    "mae": 1.1758921587901958,
    "relative_error": 0.5055248834266729
  },
  "rollout_plot": "C:\\Users\\carla\\Desktop\\EECE 798K\\Project\\results\\utah_forge\\baseline_rollout.png"
}