{
  "settings": {
    "max_nfev": 300,
    "n_starts": 4,
    "seed": 798
  },
  "runs": [
    {
      "start_index": 0,
      "success": true,
      "status": 3,
      "message": "`xtol` termination condition is satisfied.",
      "nfev": 90,
      "cost": 4042.434330328467,
      "optimality": 1279.1057244496285,
      "parameters": {
        "k": 0.002129080919847158,
        "m": 0.004944735557506662,
        "mu0": 0.33394366365193,
        "a": 0.010644631877347642,
        "b": 0.02842165573812175,
        "Dc": 996.451815726848,
        "acoustic_gamma": 0.0
      },
      "theta0": {
        "p5838_step3": 72515661.75724544,
        "p5838_step8": 46810589.058305025,
        "p5838_step9": 9271106.855827622,
        "p5838_step4": 17844038.073267434,
        "p5838_step5": 2788483.9075211245,
        "p5838_step10": 647011.5279299939,
        "p5838_step2": 100000000.0,
        "p5838_step7": 100000000.0
      },
      "mean_holdout_error": 5.061446636137751,
      "mean_holdout_peak_timing_error_s": 16.033000000000357,
      "mean_holdout_onset_timing_error_s": 4.589500000000953,
      "mean_holdout_stable_fraction": 0.0022222222222222222,
      "sigma_too_constant": true,
      "parameter_confounding_flag": true,
      "jtj_condition_number": 1.6233431474936624e+17,
      "jtj_rank": 10,
      "theta_offset_sensitivity_mean": 182.47234623720144,
      "theta_term_meaningfully_active": true
    },
    {
      "start_index": 1,
      "success": true,
      "status": 2,
      "message": "`ftol` termination condition is satisfied.",
      "nfev": 35,
      "cost": 2483.116573889802,
      "optimality": 6727.131629116056,
      "parameters": {
        "k": 0.0028526137608036674,
        "m": 0.02519987496062651,
        "mu0": 1.3665354983080967e-12,
        "a": 0.7147085371283182,
        "b": 0.16714653351769157,
        "Dc": 15.183842471633453,
        "acoustic_gamma": 0.0
      },
      "theta0": {
        "p5838_step3": 506.78771786640436,
        "p5838_step8": 566.5600517029874,
        "p5838_step9": 138.04746108566383,
        "p5838_step4": 122.62601378533626,
        "p5838_step5": 24.361055283879576,
        "p5838_step10": 3.4324449481069044,
        "p5838_step2": 583.5688559472077,
        "p5838_step7": 554.2282084302875
      },
      "mean_holdout_error": 352.6241502555956,
      "mean_holdout_peak_timing_error_s": 11.517000000000735,
      "mean_holdout_onset_timing_error_s": 4.621500000001106,
      "mean_holdout_stable_fraction": 0.0044444444444444444,
      "sigma_too_constant": true,
      "parameter_confounding_flag": true,
      "jtj_condition_number": 889808055.2237673,
      "jtj_rank": 12,
      "theta_offset_sensitivity_mean": 43.88907360089209,
      "theta_term_meaningfully_active": true
    },
    {
      "start_index": 2,
      "success": true,
      "status": 2,
      "message": "`ftol` termination condition is satisfied.",
      "nfev": 37,
      "cost": 2483.116569174679,
      "optimality": 21.4651797329302,
      "parameters": {
        "k": 0.0028524715462674897,
        "m": 0.025199648502417214,
        "mu0": 9.042632435942028e-12,
        "a": 0.7146679320763322,
        "b": 0.16710892686106488,
        "Dc": 15.182581506872763,
        "acoustic_gamma": 0.0
      },
      "theta0": {
        "p5838_step3": 507.27129504310045,
        "p5838_step8": 567.0662501804633,
        "p5838_step9": 138.17967705716927,
        "p5838_step4": 122.74807420448931,
        "p5838_step5": 24.38402066084495,
        "p5838_step10": 3.434744146732226,
        "p5838_step2": 584.1271783971741,
        "p5838_step7": 554.75720811302
      },
      "mean_holdout_error": 349.96100786151817,
      "mean_holdout_peak_timing_error_s": 7.753500000000713,
      "mean_holdout_onset_timing_error_s": 4.621500000001106,
      "mean_holdout_stable_fraction": 0.0044444444444444444,
      "sigma_too_constant": true,
      "parameter_confounding_flag": true,
      "jtj_condition_number": 890445581.9891844,
      "jtj_rank": 12,
      "theta_offset_sensitivity_mean": 43.88710410102464,
      "theta_term_meaningfully_active": true
    },
    {
      "start_index": 3,
      "success": true,
      "status": 2,
      "message": "`ftol` termination condition is satisfied.",
      "nfev": 36,
      "cost": 2483.1165713678,
      "optimality": 5675.5163259932315,
      "parameters": {
        "k": 0.0028526223479955026,
        "m": 0.025199722136642788,
        "mu0": 3.289951352393494e-11,
        "a": 0.7147036405878033,
        "b": 0.16714160502886435,
        "Dc": 15.183661692385686,
        "acoustic_gamma": 0.0
      },
      "theta0": {
        "p5838_step3": 506.85843366866817,
        "p5838_step8": 566.625811925529,
        "p5838_step9": 138.06523744634515,
        "p5838_step4": 122.6409923996912,
        "p5838_step5": 24.36401366187561,
        "p5838_step10": 3.4327927113245877,
        "p5838_step2": 583.6415308987664,
        "p5838_step7": 554.2970643352978
      },
      "mean_holdout_error": 350.12454059011554,
      "mean_holdout_peak_timing_error_s": 12.597500000000764,
      "mean_holdout_onset_timing_error_s": 4.621500000001106,
      "mean_holdout_stable_fraction": 0.0044444444444444444,
      "sigma_too_constant": true,
      "parameter_confounding_flag": true,
      "jtj_condition_number": 889835640.8571709,
      "jtj_rank": 12,
      "theta_offset_sensitivity_mean": 43.88874850017981,
      "theta_term_meaningfully_active": true
    }
  ],
  "best_run": {
    "start_index": 2,
    "success": true,
    "status": 2,
    "message": "`ftol` termination condition is satisfied.",
    "nfev": 37,
    "cost": 2483.116569174679,
    "optimality": 21.4651797329302,
    "parameters": {
      "k": 0.0028524715462674897,
      "m": 0.025199648502417214,
      "mu0": 9.042632435942028e-12,
      "a": 0.7146679320763322,
      "b": 0.16710892686106488,
      "Dc": 15.182581506872763,
      "acoustic_gamma": 0.0
    },
    "theta0": {
      "p5838_step3": 507.27129504310045,
      "p5838_step8": 567.0662501804633,
      "p5838_step9": 138.17967705716927,
      "p5838_step4": 122.74807420448931,
      "p5838_step5": 24.38402066084495,
      "p5838_step10": 3.434744146732226,
      "p5838_step2": 584.1271783971741,
      "p5838_step7": 554.75720811302
    },
    "mean_holdout_error": 349.96100786151817,
    "mean_holdout_peak_timing_error_s": 7.753500000000713,
    "mean_holdout_onset_timing_error_s": 4.621500000001106,
    "mean_holdout_stable_fraction": 0.0044444444444444444,
    "sigma_too_constant": true,
    "parameter_confounding_flag": true,
    "jtj_condition_number": 890445581.9891844,
    "jtj_rank": 12,
    "theta_offset_sensitivity_mean": 43.88710410102464,
    "theta_term_meaningfully_active": true
  },
  "parameter_stability": {
    "k": {
      "mean": 0.0026716971437284547,
      "std": 0.0003132796286488937,
      "cv": 0.11725866057349653,
      "values": [
        0.002129080919847158,
        0.0028526137608036674,
        0.0028524715462674897,
        0.0028526223479955026
      ]
    },
    "m": {
      "mean": 0.020135995289298294,
      "std": 0.008770677895859762,
      "cv": 0.43557210703587895,
      "values": [
        0.004944735557506662,
        0.02519987496062651,
        0.025199648502417214,
        0.025199722136642788
      ]
    },
    "mu0": {
      "mean": 0.08348591592380968,
      "std": 0.14460184807145765,
      "cv": 1.7320508072486274,
      "values": [
        0.33394366365193,
        1.3665354983080967e-12,
        9.042632435942028e-12,
        3.289951352393494e-11
      ]
    },
    "a": {
      "mean": 0.5386811854174504,
      "std": 0.3048620467312337,
      "cv": 0.5659415160275465,
      "values": [
        0.010644631877347642,
        0.7147085371283182,
        0.7146679320763322,
        0.7147036405878033
      ]
    },
    "b": {
      "mean": 0.13245468028643564,
      "std": 0.06006349646630472,
      "cv": 0.45346450828285456,