{
  "dataset": "utah_forge",
  "experiment_id": "p5838",
  "raw_summary": {
    "raw_file": "C:\\Users\\carla\\Desktop\\EECE 798K\\Project\\data\\utah_forge\\p5838_datatable.mat",
    "n_rows": 1856909,
    "columns": [
      "time",
      "tau",
      "displacement",
      "mu",
      "V"
    ],
    "time_start": 10869.0,
    "time_end": 12729.868,
    "tau_mean": 13.188022532871488,
    "tau_std": 1.2243113160567085,
    "V_min": -853.290329511702,
    "V_max": 1018.08289725879,
    "V_nonpositive_count": 479568,
    "column_mapping": {
      "time": "time",
      "tau": "tau",
      "displacement": "d_int",
      "velocity": "v_int",
      "friction_coefficient": "mu"
    },
    "preserved_columns": [
      "displacement",
      "mu"
    ]
  },
  "selected_cycles": [
    {
      "event_id": "p5838_event_030",
      "start_idx": 1728598,
      "end_idx": 1730714,
      "peak_idx": 1728827,
      "trough_idx": 1732475,
      "n_samples": 2116,
      "duration_s": 2.1149999999997817,
      "tau_drop": 3.352466963231878,
      "positive_fraction": 1.0,
      "velocity_range": 301.02239599567287,
      "velocity_noise_ratio": 0.013711680686348923,
      "score": 2.1553032449134926
    },
    {
      "event_id": "p5838_event_010",
      "start_idx": 789789,
      "end_idx": 791914,
      "peak_idx": 791474,
      "trough_idx": 793382,
      "n_samples": 2125,
      "duration_s": 2.1239999999997963,
      "tau_drop": 2.7995184101886075,
      "positive_fraction": 1.0,
      "velocity_range": 294.1074783966247,
      "velocity_noise_ratio": 0.015297805521270224,
      "score": 1.9520340181373366
    },
    {
      "event_id": "p5838_event_029",
      "start_idx": 1723713,
      "end_idx": 1724954,
      "peak_idx": 1723941,
      "trough_idx": 1728598,
      "n_samples": 1241,
      "duration_s": 1.2399999999997817,
      "tau_drop": 0.3947675689774215,
      "positive_fraction": 1.0,
      "velocity_range": 95.07459485625847,
      "velocity_noise_ratio": 0.05858663133524102,
      "score": 1.0438446938913564
    }
  ],
  "best_model": {
    "smoothing": "strong",
    "derivative_method": "savgol",
    "delta": 1,
    "threshold": 0.01,
    "tau_terms_active": [
      "1",
      "tau_z",
      "V"
    ],
    "V_terms_active": [
      "tau_z",
      "V",
      "logV_z",
      "tau_lag_z"
    ],
    "tau_equation": "dtau/dt = - 4.017e-01*1 + 2.917e-01*tau_z + 9.417e-04*V",
    "V_equation": "dV/dt = 6.598e+04*tau_z + 1.211e-01*V - 3.123e+01*logV_z - 6.596e+04*tau_lag_z",
    "tau_terms": [
      "1",
      "tau_z",
      "V"
    ],
    "V_terms": [
      "tau_z",
      "V",
      "logV_z",
      "tau_lag_z"
    ],
    "tau_residual": 0.9124263335379565,
    "V_residual": 0.8258789693217539,
    "tau_rollout_error": 0.06056112018093963,
    "V_rollout_error": 0.7689544127370259,
    "rollout_error": 0.41475776645898277,
    "stable_all_cycles": true,
    "has_tau_v_coupling": true,
    "has_v_tau_coupling": true,
    "has_hidden_state_proxy": true,
    "physical_valid": true,
    "physical_score": 8.120484467082033,
    "total_terms": 7,
    "global_tau_mean": 13.38527456058718,
    "global_tau_std": 0.34102882144147656,
    "global_logV_mean": 5.090730679523035,
    "global_logV_std": 0.8514375880409485,
    "prepared_cycles": [
      {
        "event_id": "p5838_event_030",
        "n_points": 2115,
        "smoothing": "strong",
        "signal_window": 101,
        "delta": 1,
        "velocity_floor": 2.0495781240900155,
        "tau_mean": 13.053470279200766,
        "tau_std": 0.2512690577506948,
        "logV_mean": 5.274582840347744,
        "logV_std": 0.8678519734673251
      },
      {
        "event_id": "p5838_event_010",
        "n_points": 2124,
        "smoothing": "strong",
        "signal_window": 101,
        "delta": 1,
        "velocity_floor": 1.2333608400298877,
        "tau_mean": 13.719015297164944,
        "tau_std": 0.11736872281437848,
        "logV_mean": 5.246951212397709,
        "logV_std": 0.8955704084492973
      },
      {
        "event_id": "p5838_event_029",
        "n_points": 1240,
        "smoothing": "strong",
        "signal_window": 101,
        "delta": 1,
        "velocity_floor": 7.602306484233396,
        "tau_mean": 13.37943343596097,
        "tau_std": 0.06202085735013533,
        "logV_mean": 4.507525058249998,
        "logV_std": 0.32594825516680725
      }
    ]
  },
  "success": true,
  "success_criteria": {
    "tau_dot_includes_V": true,
    "V_dot_includes_tau": true,
    "V_dot_includes_log_or_delay": true,
    "stable_rollout_multiple_cycles": true
  },
  "derivative_diagnostics_rows": 18,
  "artifacts": {
    "equations": "C:\\Users\\carla\\Desktop\\EECE 798K\\Project\\results\\utah_forge\\p5838_physics_informed_equations.txt",
    "coefficients": "C:\\Users\\carla\\Desktop\\EECE 798K\\Project\\results\\utah_forge\\p5838_physics_informed_coefficients_best.csv",
    "diagnostics": "C:\\Users\\carla\\Desktop\\EECE 798K\\Project\\results\\utah_forge\\p5838_derivative_method_comparison.csv",
    "rollouts_dir": "C:\\Users\\carla\\Desktop\\EECE 798K\\Project\\results\\utah_forge\\p5838_delay_rollouts"
  }
}